mysql>
mysql> select * from user;
+--------+----------+----------+-------------------------+-----------------------------+---------------------+---------------------+-----------+
| userId | username | password | recoveryAnswer          | recoveryEmail               | createdOn           | lastUpdatedOn       | deletedOn |
+--------+----------+----------+-------------------------+-----------------------------+---------------------+---------------------+-----------+
|      6 | kev22    | keviv    | iavsh                   | techengineervivek@gmail.com | 2017-11-30 19:29:03 | 2017-11-30 19:29:03 | NULL      |
|      7 | shar37   | sharan   | forgot my password      | shar@yahoo.com              | 2017-11-30 19:29:48 | 2017-11-30 19:29:48 | NULL      |
|      8 | vaish47  | haiav    | i never forget anything | vaish@gmail.com             | 2017-11-30 19:30:08 | 2017-11-30 19:30:08 | NULL      |
+--------+----------+----------+-------------------------+-----------------------------+---------------------+---------------------+-----------+
3 rows in set (0.02 sec)

mysql> select * from userLog;
+-----------+--------+---------------------+---------------------+-----------+
| userLogId | userId | lastLoggedIn        | lastLoggedOut       | deletedOn |
+-----------+--------+---------------------+---------------------+-----------+
|         1 |      6 | 2017-11-30 19:54:26 | 2017-11-30 19:56:08 | NULL      |
|         2 |      8 | 2017-11-30 19:58:28 | NULL                | NULL      |
|         3 |      6 | 2017-11-30 19:59:36 | 2017-11-30 20:00:56 | NULL      |
+-----------+--------+---------------------+---------------------+-----------+
3 rows in set (0.06 sec)

mysql> select * from job;
+-------+--------------------------+
| jobId | roleName                 |
+-------+--------------------------+
|     6 | Software Engineer Intern |
|     7 | Web Designer             |
|     8 | Uber                     |
|     9 | Online Tutoring          |
|    10 | DBMS Manager             |
+-------+--------------------------+
5 rows in set (0.00 sec)

mysql> select * from income;
+----------+--------------+---------------------+--------------------+-------+--------+
| incomeId | incomeAmount | earnedDate          | note               | jobId | userId |
+----------+--------------+---------------------+--------------------+-------+--------+
|       46 |      3500.00 | 2017-11-17 03:22:56 | job at intern soft |     6 |      7 |
|       47 |       500.00 | 2017-11-17 13:12:16 | design web page    |     7 |      7 |
|       48 |      2200.00 | 2017-11-17 23:27:06 | manage db          |    10 |      8 |
|       49 |       800.00 | 2017-11-17 08:26:36 | tutor online       |     9 |      7 |
|       50 |       600.00 | 2017-11-17 23:27:06 | design web page    |     7 |      8 |
+----------+--------------+---------------------+--------------------+-------+--------+
5 rows in set (0.00 sec)

mysql> select * from expense;
+-----------+---------------+---------------------+-------------------+--------+
| expenseId | expenseAmount | spentOnDate         | note              | userId |
+-----------+---------------+---------------------+-------------------+--------+
|        11 |        680.00 | 2017-12-01 20:36:22 | Nutella and bread |      7 |
|        12 |        300.00 | 2017-12-01 20:37:03 | gas               |      8 |
|        13 |       1340.00 | 2017-12-01 20:37:46 | charity           |      7 |
|        14 |         68.34 | 2017-12-01 20:40:03 | tshirts           |      7 |
|        15 |         12.56 | 2017-12-01 20:40:27 | eggs              |      8 |
+-----------+---------------+---------------------+-------------------+--------+
5 rows in set (0.00 sec)

mysql> select * from transaction;
+---------------+-----------+---------------------+--------+----------+
| transactionId | netAmount | asOnDate            | userId | isIncome |
+---------------+-----------+---------------------+--------+----------+
|            60 |   3500.00 | 2017-12-01 20:31:47 |      7 | Y        |
|            61 |   4000.00 | 2017-12-01 20:34:49 |      7 | Y        |
|            62 |   2200.00 | 2017-12-01 20:35:36 |      8 | Y        |
|            63 |   3320.00 | 2017-12-01 20:36:35 |      7 | N        |
|            64 |   1900.00 | 2017-12-01 20:37:17 |      8 | N        |
|            65 |   1980.00 | 2017-12-01 20:38:03 |      7 | N        |
|            66 |   2780.00 | 2017-12-01 20:38:58 |      7 | Y        |
|            67 |   2711.66 | 2017-12-01 20:40:12 |      7 | N        |
|            68 |   1887.44 | 2017-12-01 20:40:36 |      8 | N        |
|            69 |   2487.44 | 2017-12-01 20:41:28 |      8 | Y        |
+---------------+-----------+---------------------+--------+----------+
10 rows in set (0.00 sec)

mysql>

