mysql> select * from user;
+--------+----------+----------+-------------------------+-----------------------------+---------------------+---------------------+-----------+
| userId | username | password | recoveryAnswer          | recoveryEmail               | createdOn           | lastUpdatedOn       | deletedOn |
+--------+----------+----------+-------------------------+-----------------------------+---------------------+---------------------+-----------+
|      6 | kev22    | keviv    | iavsh                   | techengineervivek@gmail.com | 2017-11-30 19:29:03 | 2017-11-30 19:29:03 | NULL      |
|      7 | shar37   | sharan   | forgot my password      | shar@yahoo.com              | 2017-11-30 19:29:48 | 2017-11-30 19:29:48 | NULL      |
|      8 | vaish47  | haiav    | i never forget anything | vaish@gmail.com             | 2017-11-30 19:30:08 | 2017-11-30 19:30:08 | NULL      |
+--------+----------+----------+-------------------------+-----------------------------+---------------------+---------------------+-----------+
3 rows in set (0.00 sec)

mysql> select * from userInfo;
+------------+--------+-----------+------------+-------------+-------------+---------------------+-----------+
| userInfoId | userId | firstName | middleName | lastName    | phoneNumber | createdOn           | deletedOn |
+------------+--------+-----------+------------+-------------+-------------+---------------------+-----------+
|          1 |      6 | Vivek     | V          | Surulimuthu |  9292946551 | 2017-12-01 21:28:01 | NULL      |
|          2 |      7 | Sharan    | Junior     | Keviv       |  9994451794 | 2017-12-01 21:28:33 | NULL      |
|          3 |      8 | Vaish     |            | Leela       |  9566133013 | 2017-12-01 21:29:12 | NULL      |
+------------+--------+-----------+------------+-------------+-------------+---------------------+-----------+
3 rows in set (0.00 sec)

mysql> select * from address;
+-----------+--------------------+--------------+-------+---------+---------------------+-----------+
| addressId | street             | city         | state | zipcode | createdOn           | deletedOn |
+-----------+--------------------+--------------+-------+---------+---------------------+-----------+
|         5 | 45, Vern Terr      | Poughkeepsie | NY    |   12601 | 2017-12-01 21:34:05 | NULL      |
|         6 | 23, Gifford Ave    | Sansy        | CA    |  929203 | 2017-12-01 21:34:56 | NULL      |
|         7 | Main Street        | Albany       | NY    |   12601 | 2017-12-01 21:35:11 | NULL      |
|         8 | George Wash Street | BridgePort   | NY    |   12601 | 2017-12-01 21:35:31 | NULL      |
+-----------+--------------------+--------------+-------+---------+---------------------+-----------+
4 rows in set (0.00 sec)

mysql> select * from user_address;
+---------------+--------+-----------+
| userAddressId | userId | addressId |
+---------------+--------+-----------+
|             1 |      6 |         5 |
|             2 |      7 |         7 |
|             3 |      8 |         6 |
+---------------+--------+-----------+
3 rows in set (0.00 sec)
